{
    "total_runtime": 139.3217806816101,
    "num_documents": 1,
    "input_load_time": 0,
    "workflows": {
        "create_base_text_units": {
            "overall": 0.8532979488372803,
            "0_orderby": 0.0032911300659179688,
            "1_zip": 0.0039310455322265625,
            "2_aggregate_override": 0.006795644760131836,
            "3_chunk": 0.7797815799713135,
            "4_select": 0.005378246307373047,
            "5_unroll": 0.006901264190673828,
            "6_rename": 0.005482673645019531,
            "7_genid": 0.007134914398193359,
            "8_unzip": 0.0068874359130859375,
            "9_copy": 0.006329059600830078,
            "10_filter": 0.018390893936157227
        },
        "create_base_extracted_entities": {
            "overall": 49.61462712287903,
            "0_entity_extract": 49.56819295883179,
            "1_merge_graphs": 0.039727210998535156
        },
        "create_final_covariates": {
            "overall": 0.1163027286529541,
            "0_extract_covariates": 0.04047822952270508,
            "1_window": 0.01137852668762207,
            "2_genid": 0.011408090591430664,
            "3_convert": 0.023589134216308594,
            "4_rename": 0.010360002517700195,
            "5_select": 0.010905027389526367
        },
        "create_summarized_entities": {
            "overall": 8.162772178649902,
            "0_summarize_descriptions": 8.152818441390991
        },
        "join_text_units_to_covariate_ids": {
            "overall": 0.03581857681274414,
            "0_select": 0.011299848556518555,
            "1_aggregate_override": 0.01411581039428711
        },
        "create_base_entity_graph": {
            "overall": 0.09971427917480469,
            "0_cluster_graph": 0.07551741600036621,
            "1_select": 0.012123346328735352
        },
        "create_final_entities": {
            "overall": 1.7049391269683838,
            "0_unpack_graph": 0.04867053031921387,
            "1_rename": 0.01262974739074707,
            "2_select": 0.01309514045715332,
            "3_dedupe": 0.014001131057739258,
            "4_rename": 0.01474905014038086,
            "5_filter": 0.03260946273803711,
            "6_text_split": 0.017034053802490234,
            "7_drop": 0.014458656311035156,
            "8_merge": 0.04820418357849121,
            "9_text_embed": 1.4234793186187744,
            "10_drop": 0.017566680908203125,
            "11_filter": 0.03668808937072754
        },
        "create_final_nodes": {
            "overall": 0.52793288230896,
            "0_layout_graph": 0.14187860488891602,
            "1_unpack_graph": 0.0511171817779541,
            "2_unpack_graph": 0.062219858169555664,
            "3_filter": 0.053145408630371094,
            "4_drop": 0.021854877471923828,
            "5_select": 0.023307323455810547,
            "6_rename": 0.023591279983520508,
            "7_join": 0.03470444679260254,
            "8_convert": 0.07474422454833984,
            "9_rename": 0.023163557052612305
        },
        "create_final_communities": {
            "overall": 0.5525925159454346,
            "0_unpack_graph": 0.05529046058654785,
            "1_unpack_graph": 0.04619407653808594,
            "2_aggregate_override": 0.026137590408325195,
            "3_join": 0.03659987449645996,
            "4_join": 0.03644752502441406,
            "5_concat": 0.03682303428649902,
            "6_filter": 0.08448123931884766,
            "7_aggregate_override": 0.027985572814941406,
            "8_join": 0.028673171997070312,
            "9_filter": 0.051737308502197266,
            "10_fill": 0.0256345272064209,
            "11_merge": 0.027884960174560547,
            "12_copy": 0.023261308670043945,
            "13_select": 0.023178815841674805
        },
        "join_text_units_to_entity_ids": {
            "overall": 0.13415002822875977,
            "0_select": 0.03305864334106445,
            "1_unroll": 0.03424215316772461,
            "2_aggregate_override": 0.03500533103942871
        },
        "create_final_relationships": {
            "overall": 0.4110991954803467,
            "0_unpack_graph": 0.04864311218261719,
            "1_filter": 0.06274080276489258,
            "2_rename": 0.02821803092956543,
            "3_filter": 0.07125115394592285,
            "4_drop": 0.03860831260681152,
            "5_compute_edge_combined_degree": 0.047600746154785156,
            "6_convert": 0.05917549133300781,
            "7_convert": 0.028946399688720703
        },
        "join_text_units_to_relationship_ids": {
            "overall": 0.1526203155517578,
            "0_select": 0.0295412540435791,
            "1_unroll": 0.030030250549316406,
            "2_aggregate_override": 0.033109188079833984,
            "3_select": 0.030767440795898438
        },
        "create_final_community_reports": {
            "overall": 70.7171802520752,
            "0_prepare_community_reports_nodes": 0.03623199462890625,
            "1_prepare_community_reports_edges": 0.03827953338623047,
            "2_prepare_community_reports_claims": 0.03225970268249512,
            "3_restore_community_hierarchy": 0.036179542541503906,
            "4_prepare_community_reports": 0.18766021728515625,
            "5_create_community_reports": 70.31755375862122,
            "6_window": 0.037136077880859375
        },
        "create_final_text_units": {
            "overall": 0.34299683570861816,
            "0_select": 0.03892374038696289,
            "1_rename": 0.037212371826171875,
            "2_join": 0.04369473457336426,
            "3_join": 0.0464780330657959,
            "4_join": 0.0496363639831543,
            "5_aggregate_override": 0.0446627140045166,
            "6_select": 0.04039931297302246
        },
        "create_base_documents": {
            "overall": 0.5539355278015137,
            "0_unroll": 0.0516970157623291,
            "1_select": 0.04563450813293457,
            "2_rename": 0.04771089553833008,
            "3_join": 0.05182623863220215,
            "4_aggregate_override": 0.05492091178894043,
            "5_join": 0.05462908744812012,
            "6_rename": 0.053014516830444336,
            "7_convert": 0.14825844764709473
        },
        "create_final_documents": {
            "overall": 0.1068263053894043,
            "0_rename": 0.04740643501281738
        }
    }
}